Workbook

Sheet PLANTILLA PDF
C2: UNIVERSIDAD TECNOLÓGICA DE NAYARIT
C3: INGENIERÍA EN DESARROLLO Y GESTIÓN DE SOFTWARE
C4: Organismo Público Descentralizado · Gobierno del Estado de Nayarit
B6: REPORTE DE SEGUIMIENTO DEL GRUPO
B7: GRUPO: | C7: 91 | F7: TUTOR: | G7: Ing. Mariana López Cárdenas | N7: FECHA: | O7: 09/08/2026
B11: TOTAL DE ALUMNOS | F11: PROMEDIO GENERAL | J11: ALUMNOS CON TUTORÍA | N11: ALUMNOS EN RIESGO
B12: =COUNTA(DATOS!A2:A21) -> 20 | F12: =ROUND(AVERAGE(DATOS!D2:D21),1) -> 7.7 | J12: =COUNTIF(DATOS!E2:E21,"<>Sin tutoría") -> 17 | N12: =COUNTIF(DATOS!G2:G21,"<>Ninguno") -> 8
B14: RENDIMIENTO ACADÉMICO | M14: ESTADO DE TUTORÍAS
M27: Detalle por estatus
M28: ■ | N28: Realizada | P28: =DATOS!K2&" ("&TEXT(DATOS!K2/20,"0%")&")" -> 14 (70%)
M29: ■ | N29: Programada | P29: =DATOS!K3&" ("&TEXT(DATOS!K3/20,"0%")&")" -> 3 (15%)
M30: ■ | N30: Sin tutoría | P30: =DATOS!K4&" ("&TEXT(DATOS!K4/20,"0%")&")" -> 3 (15%)
B38: ALUMNOS EN RIESGO · seguimiento sugerido por el tutor
B39: ="Alumnos en riesgo: "&COUNTIF(DATOS!G2:G21,"<>Ninguno")&" de "&COUNTA(DATOS!A2:A21) -> Alumnos en riesgo: 8 de 20 | F39: ="% del grupo: "&TEXT(COUNTIF(DATOS!G2:G21,"<>Ninguno")/COUNTA(DATOS!A2:A21),"0%") -> % del grupo: 40% | I39: ="Reprobación: "&COUNTIF(DATOS!H2:H21,"Reprobación") -> Reprobación: 3 | L39: ="Econ.: "&COUNTIF(DATOS!H2:H21,"Problemas económicos") -> Econ.: 2 | O39: ="Personales: "&COUNTIF(DATOS!H2:H21,"Problemas personales") -> Personales: 1
B41: MATRÍCULA | D41: NOMBRE DEL ALUMNO | J41: MOTIVO DE RIESGO | O41: TUTORÍAS | P41: NIVEL
B42: =DATOS!A3 -> TIC-240092 | D42: =DATOS!B3 -> Brandon Josué Castañeda Ríos | J42: =DATOS!H3 -> Reprobación | O42: =DATOS!F3 -> 3 | P42: =DATOS!G3 -> Alto
B43: =DATOS!A7 -> TIC-240096 | D43: =DATOS!B7 -> Fernando Iván Solórzano Peña | J43: =DATOS!H7 -> Reprobación | O43: =DATOS!F7 -> 4 | P43: =DATOS!G7 -> Alto
B44: =DATOS!A17 -> TIC-240106 | D44: =DATOS!B17 -> Pedro Alexis Gómez Uc | J44: =DATOS!H17 -> Reprobación | O44: =DATOS!F17 -> 2 | P44: =DATOS!G17 -> Alto
B45: =DATOS!A9 -> TIC-240098 | D45: =DATOS!B9 -> Héctor Manuel Beltrán Osuna | J45: =DATOS!H9 -> Problemas económicos | O45: =DATOS!F9 -> 2 | P45: =DATOS!G9 -> Medio
B46: =DATOS!A13 -> TIC-240102 | D46: =DATOS!B13 -> Luis Ángel Mendoza Chi | J46: =DATOS!H13 -> Problemas personales | O46: =DATOS!F13 -> 3 | P46: =DATOS!G13 -> Medio
B47: =DATOS!A20 -> TIC-240109 | D47: =DATOS!B20 -> Samantha Nicole Ake Chan | J47: =DATOS!H20 -> Problemas económicos | O47: =DATOS!F20 -> 0 | P47: =DATOS!G20 -> Medio
B48: =DATOS!A5 -> TIC-240094 | D48: =DATOS!B5 -> Diego Alejandro Núñez Bravo | J48: =DATOS!H5 -> Impuntualidad | O48: =DATOS!F5 -> 1 | P48: =DATOS!G5 -> Bajo
B49: =DATOS!A11 -> TIC-240100 | D49: =DATOS!B11 -> Jorge Emiliano Vargas Cetina | J49: =DATOS!H11 -> Ausentismo | O49: =DATOS!F11 -> 1 | P49: =DATOS!G11 -> Bajo
B52: LISTADO GENERAL DEL GRUPO · Tutoría: Real.=Realizada Prog.=Programada S/T=Sin tutoría · Riesgo: N/B/M/A
B53: No. | C53: ALUMNO | F53: PROM. | G53: TUT. | H53: RGO. | J53: No. | K53: ALUMNO | N53: PROM. | O53: TUT. | P53: RGO.
B54: =RIGHT(DATOS!A2,3) -> 091 | C54: =DATOS!B2 -> Abigail Montserrat Flores Rubio | F54: =TEXT(DATOS!D2,"0.0") -> 9.2 | G54: =IFERROR(_xlfn.SWITCH(DATOS!E2,"Realizada","Real.","Programada","Prog.","Sin tutoría","S/T",DATOS!E2),DATOS!E2) -> Real. | H54: =LEFT(DATOS!G2,1) -> N | J54: =RIGHT(DATOS!A12,3) -> 101 | K54: =DATOS!B12 -> Karla Ximena Delgado Puc | N54: =TEXT(DATOS!D12,"0.0") -> 9.4 | O54: =IFERROR(_xlfn.SWITCH(DATOS!E12,"Realizada","Real.","Programada","Prog.","Sin tutoría","S/T",DATOS!E12),DATOS!E12) -> Real. | P54: =LEFT(DATOS!G12,1) -> N
B55: =RIGHT(DATOS!A3,3) -> 092 | C55: =DATOS!B3 -> Brandon Josué Castañeda Ríos | F55: =TEXT(DATOS!D3,"0.0") -> 6.1 | G55: =IFERROR(_xlfn.SWITCH(DATOS!E3,"Realizada","Real.","Programada","Prog.","Sin tutoría","S/T",DATOS!E3),DATOS!E3) -> Real. | H55: =LEFT(DATOS!G3,1) -> A | J55: =RIGHT(DATOS!A13,3) -> 102 | K55: =DATOS!B13 -> Luis Ángel Mendoza Chi | N55: =TEXT(DATOS!D13,"0.0") -> 6.4 | O55: =IFERROR(_xlfn.SWITCH(DATOS!E13,"Realizada","Real.","Programada","Prog.","Sin tutoría","S/T",DATOS!E13),DATOS!E13) -> Real. | P55: =LEFT(DATOS!G13,1) -> M
B56: =RIGHT(DATOS!A4,3) -> 093 | C56: =DATOS!B4 -> Camila Fernanda López Torres | F56: =TEXT(DATOS!D4,"0.0") -> 8.6 | G56: =IFERROR(_xlfn.SWITCH(DATOS!E4,"Realizada","Real.","Programada","Prog.","Sin tutoría","S/T",DATOS!E4),DATOS!E4) -> Real. | H56: =LEFT(DATOS!G4,1) -> N | J56: =RIGHT(DATOS!A14,3) -> 103 | K56: =DATOS!B14 -> María José Aguilar Tun | N56: =TEXT(DATOS!D14,"0.0") -> 8.3 | O56: =IFERROR(_xlfn.SWITCH(DATOS!E14,"Realizada","Real.","Programada","Prog.","Sin tutoría","S/T",DATOS!E14),DATOS!E14) -> S/T | P56: =LEFT(DATOS!G14,1) -> N
B57: =RIGHT(DATOS!A5,3) -> 094 | C57: =DATOS!B5 -> Diego Alejandro Núñez Bravo | F57: =TEXT(DATOS!D5,"0.0") -> 7.4 | G57: =IFERROR(_xlfn.SWITCH(DATOS!E5,"Realizada","Real.","Programada","Prog.","Sin tutoría","S/T",DATOS!E5),DATOS!E5) -> Prog. | H57: =LEFT(DATOS!G5,1) -> B | J57: =RIGHT(DATOS!A15,3) -> 104 | K57: =DATOS!B15 -> Néstor Iván Cruz Balam | N57: =TEXT(DATOS!D15,"0.0") -> 7.6 | O57: =IFERROR(_xlfn.SWITCH(DATOS!E15,"Realizada","Real.","Programada","Prog.","Sin tutoría","S/T",DATOS!E15),DATOS!E15) -> Real. | P57: =LEFT(DATOS!G15,1) -> N
B58: =RIGHT(DATOS!A6,3) -> 095 | C58: =DATOS!B6 -> Elena Sofía Ramírez Gaona | F58: =TEXT(DATOS!D6,"0.0") -> 9.0 | G58: =IFERROR(_xlfn.SWITCH(DATOS!E6,"Realizada","Real.","Programada","Prog.","Sin tutoría","S/T",DATOS!E6),DATOS!E6) -> Real. | H58: =LEFT(DATOS!G6,1) -> N | J58: =RIGHT(DATOS!A16,3) -> 105 | K58: =DATOS!B16 -> Olivia Renata Pech Dzul | N58: =TEXT(DATOS!D16,"0.0") -> 8.9 | O58: =IFERROR(_xlfn.SWITCH(DATOS!E16,"Realizada","Real.","Programada","Prog.","Sin tutoría","S/T",DATOS!E16),DATOS!E16) -> Real. | P58: =LEFT(DATOS!G16,1) -> N
B59: =RIGHT(DATOS!A7,3) -> 096 | C59: =DATOS!B7 -> Fernando Iván Solórzano Peña | F59: =TEXT(DATOS!D7,"0.0") -> 5.8 | G59: =IFERROR(_xlfn.SWITCH(DATOS!E7,"Realizada","Real.","Programada","Prog.","Sin tutoría","S/T",DATOS!E7),DATOS!E7) -> Real. | H59: =LEFT(DATOS!G7,1) -> A | J59: =RIGHT(DATOS!A17,3) -> 106 | K59: =DATOS!B17 -> Pedro Alexis Gómez Uc | N59: =TEXT(DATOS!D17,"0.0") -> 5.6 | O59: =IFERROR(_xlfn.SWITCH(DATOS!E17,"Realizada","Real.","Programada","Prog.","Sin tutoría","S/T",DATOS!E17),DATOS!E17) -> Prog. | P59: =LEFT(DATOS!G17,1) -> A
B60: =RIGHT(DATOS!A8,3) -> 097 | C60: =DATOS!B8 -> Gabriela Itzel Contreras May | F60: =TEXT(DATOS!D8,"0.0") -> 8.1 | G60: =IFERROR(_xlfn.SWITCH(DATOS!E8,"Realizada","Real.","Programada","Prog.","Sin tutoría","S/T",DATOS!E8),DATOS!E8) -> S/T | H60: =LEFT(DATOS!G8,1) -> N | J60: =RIGHT(DATOS!A18,3) -> 107 | K60: =DATOS!B18 -> Quetzal Yamileth Poot Kú | N60: =TEXT(DATOS!D18,"0.0") -> 7.2 | O60: =IFERROR(_xlfn.SWITCH(DATOS!E18,"Realizada","Real.","Programada","Prog.","Sin tutoría","S/T",DATOS!E18),DATOS!E18) -> Real. | P60: =LEFT(DATOS!G18,1) -> N
B61: =RIGHT(DATOS!A9,3) -> 098 | C61: =DATOS!B9 -> Héctor Manuel Beltrán Osuna | F61: =TEXT(DATOS!D9,"0.0") -> 6.9 | G61: =IFERROR(_xlfn.SWITCH(DATOS!E9,"Realizada","Real.","Programada","Prog.","Sin tutoría","S/T",DATOS!E9),DATOS!E9) -> Real. | H61: =LEFT(DATOS!G9,1) -> M | J61: =RIGHT(DATOS!A19,3) -> 108 | K61: =DATOS!B19 -> Ricardo Alonso Herrera Cob | N61: =TEXT(DATOS!D19,"0.0") -> 8.5 | O61: =IFERROR(_xlfn.SWITCH(DATOS!E19,"Realizada","Real.","Programada","Prog.","Sin tutoría","S/T",DATOS!E19),DATOS!E19) -> Real. | P61: =LEFT(DATOS!G19,1) -> N
B62: =RIGHT(DATOS!A10,3) -> 099 | C62: =DATOS!B10 -> Ivonne Paola Cárdenas Zúñiga | F62: =TEXT(DATOS!D10,"0.0") -> 8.8 | G62: =IFERROR(_xlfn.SWITCH(DATOS!E10,"Realizada","Real.","Programada","Prog.","Sin tutoría","S/T",DATOS!E10),DATOS!E10) -> Real. | H62: =LEFT(DATOS!G10,1) -> N | J62: =RIGHT(DATOS!A20,3) -> 109 | K62: =DATOS!B20 -> Samantha Nicole Ake Chan | N62: =TEXT(DATOS!D20,"0.0") -> 6.7 | O62: =IFERROR(_xlfn.SWITCH(DATOS!E20,"Realizada","Real.","Programada","Prog.","Sin tutoría","S/T",DATOS!E20),DATOS!E20) -> S/T | P62: =LEFT(DATOS!G20,1) -> M
B63: =RIGHT(DATOS!A11,3) -> 100 | C63: =DATOS!B11 -> Jorge Emiliano Vargas Cetina | F63: =TEXT(DATOS!D11,"0.0") -> 7.9 | G63: =IFERROR(_xlfn.SWITCH(DATOS!E11,"Realizada","Real.","Programada","Prog.","Sin tutoría","S/T",DATOS!E11),DATOS!E11) -> Prog. | H63: =LEFT(DATOS!G11,1) -> B | J63: =RIGHT(DATOS!A21,3) -> 110 | K63: =DATOS!B21 -> Tomás Eduardo Yam Canul | N63: =TEXT(DATOS!D21,"0.0") -> 8.0 | O63: =IFERROR(_xlfn.SWITCH(DATOS!E21,"Realizada","Real.","Programada","Prog.","Sin tutoría","S/T",DATOS!E21),DATOS!E21) -> Real. | P63: =LEFT(DATOS!G21,1) -> N
B65: Reporte generado automáticamente por el Sistema de Tutorías de la Universidad Tecnológica de Nayarit a partir de los registros de tutoría individual del grupo. Uso interno para seguimiento académico.

Sheet EJEMPLO GRUPO 91
C2: UNIVERSIDAD TECNOLÓGICA DE NAYARIT
C3: INGENIERÍA EN DESARROLLO Y GESTIÓN DE SOFTWARE
C4: Organismo Público Descentralizado · Gobierno del Estado de Nayarit
B6: REPORTE DE SEGUIMIENTO DEL GRUPO
B7: GRUPO: | C7: 91 | F7: TUTOR: | G7: Ing. Mariana López Cárdenas | N7: FECHA: | O7: 09/08/2026
B11: TOTAL DE ALUMNOS | F11: PROMEDIO GENERAL | J11: ALUMNOS CON TUTORÍA | N11: ALUMNOS EN RIESGO
B12: =COUNTA(DATOS!A2:A21) -> 20 | F12: =ROUND(AVERAGE(DATOS!D2:D21),1) -> 7.7 | J12: =COUNTIF(DATOS!E2:E21,"<>Sin tutoría") -> 17 | N12: =COUNTIF(DATOS!G2:G21,"<>Ninguno") -> 8
B14: RENDIMIENTO ACADÉMICO | M14: ESTADO DE TUTORÍAS
M27: Detalle por estatus
M28: ■ | N28: Realizada | P28: =DATOS!K2&" ("&TEXT(DATOS!K2/20,"0%")&")" -> 14 (70%)
M29: ■ | N29: Programada | P29: =DATOS!K3&" ("&TEXT(DATOS!K3/20,"0%")&")" -> 3 (15%)
M30: ■ | N30: Sin tutoría | P30: =DATOS!K4&" ("&TEXT(DATOS!K4/20,"0%")&")" -> 3 (15%)
B38: ALUMNOS EN RIESGO · seguimiento sugerido por el tutor
B39: ="Alumnos en riesgo: "&COUNTIF(DATOS!G2:G21,"<>Ninguno")&" de "&COUNTA(DATOS!A2:A21) -> Alumnos en riesgo: 8 de 20 | F39: ="% del grupo: "&TEXT(COUNTIF(DATOS!G2:G21,"<>Ninguno")/COUNTA(DATOS!A2:A21),"0%") -> % del grupo: 40% | I39: ="Reprobación: "&COUNTIF(DATOS!H2:H21,"Reprobación") -> Reprobación: 3 | L39: ="Econ.: "&COUNTIF(DATOS!H2:H21,"Problemas económicos") -> Econ.: 2 | O39: ="Personales: "&COUNTIF(DATOS!H2:H21,"Problemas personales") -> Personales: 1
B41: MATRÍCULA | D41: NOMBRE DEL ALUMNO | J41: MOTIVO DE RIESGO | O41: TUTORÍAS | P41: NIVEL
B42: =DATOS!A3 -> TIC-240092 | D42: =DATOS!B3 -> Brandon Josué Castañeda Ríos | J42: =DATOS!H3 -> Reprobación | O42: =DATOS!F3 -> 3 | P42: =DATOS!G3 -> Alto
B43: =DATOS!A7 -> TIC-240096 | D43: =DATOS!B7 -> Fernando Iván Solórzano Peña | J43: =DATOS!H7 -> Reprobación | O43: =DATOS!F7 -> 4 | P43: =DATOS!G7 -> Alto
B44: =DATOS!A17 -> TIC-240106 | D44: =DATOS!B17 -> Pedro Alexis Gómez Uc | J44: =DATOS!H17 -> Reprobación | O44: =DATOS!F17 -> 2 | P44: =DATOS!G17 -> Alto
B45: =DATOS!A9 -> TIC-240098 | D45: =DATOS!B9 -> Héctor Manuel Beltrán Osuna | J45: =DATOS!H9 -> Problemas económicos | O45: =DATOS!F9 -> 2 | P45: =DATOS!G9 -> Medio
B46: =DATOS!A13 -> TIC-240102 | D46: =DATOS!B13 -> Luis Ángel Mendoza Chi | J46: =DATOS!H13 -> Problemas personales | O46: =DATOS!F13 -> 3 | P46: =DATOS!G13 -> Medio
B47: =DATOS!A20 -> TIC-240109 | D47: =DATOS!B20 -> Samantha Nicole Ake Chan | J47: =DATOS!H20 -> Problemas económicos | O47: =DATOS!F20 -> 0 | P47: =DATOS!G20 -> Medio
B48: =DATOS!A5 -> TIC-240094 | D48: =DATOS!B5 -> Diego Alejandro Núñez Bravo | J48: =DATOS!H5 -> Impuntualidad | O48: =DATOS!F5 -> 1 | P48: =DATOS!G5 -> Bajo
B49: =DATOS!A11 -> TIC-240100 | D49: =DATOS!B11 -> Jorge Emiliano Vargas Cetina | J49: =DATOS!H11 -> Ausentismo | O49: =DATOS!F11 -> 1 | P49: =DATOS!G11 -> Bajo
B52: LISTADO GENERAL DEL GRUPO · Tutoría: Real.=Realizada Prog.=Programada S/T=Sin tutoría · Riesgo: N/B/M/A
B53: No. | C53: ALUMNO | F53: PROM. | G53: TUT. | H53: RGO. | J53: No. | K53: ALUMNO | N53: PROM. | O53: TUT. | P53: RGO.
B54: =RIGHT(DATOS!A2,3) -> 091 | C54: =DATOS!B2 -> Abigail Montserrat Flores Rubio | F54: =TEXT(DATOS!D2,"0.0") -> 9.2 | G54: =IFERROR(_xlfn.SWITCH(DATOS!E2,"Realizada","Real.","Programada","Prog.","Sin tutoría","S/T",DATOS!E2),DATOS!E2) -> Real. | H54: =LEFT(DATOS!G2,1) -> N | J54: =RIGHT(DATOS!A12,3) -> 101 | K54: =DATOS!B12 -> Karla Ximena Delgado Puc | N54: =TEXT(DATOS!D12,"0.0") -> 9.4 | O54: =IFERROR(_xlfn.SWITCH(DATOS!E12,"Realizada","Real.","Programada","Prog.","Sin tutoría","S/T",DATOS!E12),DATOS!E12) -> Real. | P54: =LEFT(DATOS!G12,1) -> N
B55: =RIGHT(DATOS!A3,3) -> 092 | C55: =DATOS!B3 -> Brandon Josué Castañeda Ríos | F55: =TEXT(DATOS!D3,"0.0") -> 6.1 | G55: =IFERROR(_xlfn.SWITCH(DATOS!E3,"Realizada","Real.","Programada","Prog.","Sin tutoría","S/T",DATOS!E3),DATOS!E3) -> Real. | H55: =LEFT(DATOS!G3,1) -> A | J55: =RIGHT(DATOS!A13,3) -> 102 | K55: =DATOS!B13 -> Luis Ángel Mendoza Chi | N55: =TEXT(DATOS!D13,"0.0") -> 6.4 | O55: =IFERROR(_xlfn.SWITCH(DATOS!E13,"Realizada","Real.","Programada","Prog.","Sin tutoría","S/T",DATOS!E13),DATOS!E13) -> Real. | P55: =LEFT(DATOS!G13,1) -> M
B56: =RIGHT(DATOS!A4,3) -> 093 | C56: =DATOS!B4 -> Camila Fernanda López Torres | F56: =TEXT(DATOS!D4,"0.0") -> 8.6 | G56: =IFERROR(_xlfn.SWITCH(DATOS!E4,"Realizada","Real.","Programada","Prog.","Sin tutoría","S/T",DATOS!E4),DATOS!E4) -> Real. | H56: =LEFT(DATOS!G4,1) -> N | J56: =RIGHT(DATOS!A14,3) -> 103 | K56: =DATOS!B14 -> María José Aguilar Tun | N56: =TEXT(DATOS!D14,"0.0") -> 8.3 | O56: =IFERROR(_xlfn.SWITCH(DATOS!E14,"Realizada","Real.","Programada","Prog.","Sin tutoría","S/T",DATOS!E14),DATOS!E14) -> S/T | P56: =LEFT(DATOS!G14,1) -> N
B57: =RIGHT(DATOS!A5,3) -> 094 | C57: =DATOS!B5 -> Diego Alejandro Núñez Bravo | F57: =TEXT(DATOS!D5,"0.0") -> 7.4 | G57: =IFERROR(_xlfn.SWITCH(DATOS!E5,"Realizada","Real.","Programada","Prog.","Sin tutoría","S/T",DATOS!E5),DATOS!E5) -> Prog. | H57: =LEFT(DATOS!G5,1) -> B | J57: =RIGHT(DATOS!A15,3) -> 104 | K57: =DATOS!B15 -> Néstor Iván Cruz Balam | N57: =TEXT(DATOS!D15,"0.0") -> 7.6 | O57: =IFERROR(_xlfn.SWITCH(DATOS!E15,"Realizada","Real.","Programada","Prog.","Sin tutoría","S/T",DATOS!E15),DATOS!E15) -> Real. | P57: =LEFT(DATOS!G15,1) -> N
B58: =RIGHT(DATOS!A6,3) -> 095 | C58: =DATOS!B6 -> Elena Sofía Ramírez Gaona | F58: =TEXT(DATOS!D6,"0.0") -> 9.0 | G58: =IFERROR(_xlfn.SWITCH(DATOS!E6,"Realizada","Real.","Programada","Prog.","Sin tutoría","S/T",DATOS!E6),DATOS!E6) -> Real. | H58: =LEFT(DATOS!G6,1) -> N | J58: =RIGHT(DATOS!A16,3) -> 105 | K58: =DATOS!B16 -> Olivia Renata Pech Dzul | N58: =TEXT(DATOS!D16,"0.0") -> 8.9 | O58: =IFERROR(_xlfn.SWITCH(DATOS!E16,"Realizada","Real.","Programada","Prog.","Sin tutoría","S/T",DATOS!E16),DATOS!E16) -> Real. | P58: =LEFT(DATOS!G16,1) -> N
B59: =RIGHT(DATOS!A7,3) -> 096 | C59: =DATOS!B7 -> Fernando Iván Solórzano Peña | F59: =TEXT(DATOS!D7,"0.0") -> 5.8 | G59: =IFERROR(_xlfn.SWITCH(DATOS!E7,"Realizada","Real.","Programada","Prog.","Sin tutoría","S/T",DATOS!E7),DATOS!E7) -> Real. | H59: =LEFT(DATOS!G7,1) -> A | J59: =RIGHT(DATOS!A17,3) -> 106 | K59: =DATOS!B17 -> Pedro Alexis Gómez Uc | N59: =TEXT(DATOS!D17,"0.0") -> 5.6 | O59: =IFERROR(_xlfn.SWITCH(DATOS!E17,"Realizada","Real.","Programada","Prog.","Sin tutoría","S/T",DATOS!E17),DATOS!E17) -> Prog. | P59: =LEFT(DATOS!G17,1) -> A
B60: =RIGHT(DATOS!A8,3) -> 097 | C60: =DATOS!B8 -> Gabriela Itzel Contreras May | F60: =TEXT(DATOS!D8,"0.0") -> 8.1 | G60: =IFERROR(_xlfn.SWITCH(DATOS!E8,"Realizada","Real.","Programada","Prog.","Sin tutoría","S/T",DATOS!E8),DATOS!E8) -> S/T | H60: =LEFT(DATOS!G8,1) -> N | J60: =RIGHT(DATOS!A18,3) -> 107 | K60: =DATOS!B18 -> Quetzal Yamileth Poot Kú | N60: =TEXT(DATOS!D18,"0.0") -> 7.2 | O60: =IFERROR(_xlfn.SWITCH(DATOS!E18,"Realizada","Real.","Programada","Prog.","Sin tutoría","S/T",DATOS!E18),DATOS!E18) -> Real. | P60: =LEFT(DATOS!G18,1) -> N
B61: =RIGHT(DATOS!A9,3) -> 098 | C61: =DATOS!B9 -> Héctor Manuel Beltrán Osuna | F61: =TEXT(DATOS!D9,"0.0") -> 6.9 | G61: =IFERROR(_xlfn.SWITCH(DATOS!E9,"Realizada","Real.","Programada","Prog.","Sin tutoría","S/T",DATOS!E9),DATOS!E9) -> Real. | H61: =LEFT(DATOS!G9,1) -> M | J61: =RIGHT(DATOS!A19,3) -> 108 | K61: =DATOS!B19 -> Ricardo Alonso Herrera Cob | N61: =TEXT(DATOS!D19,"0.0") -> 8.5 | O61: =IFERROR(_xlfn.SWITCH(DATOS!E19,"Realizada","Real.","Programada","Prog.","Sin tutoría","S/T",DATOS!E19),DATOS!E19) -> Real. | P61: =LEFT(DATOS!G19,1) -> N
B62: =RIGHT(DATOS!A10,3) -> 099 | C62: =DATOS!B10 -> Ivonne Paola Cárdenas Zúñiga | F62: =TEXT(DATOS!D10,"0.0") -> 8.8 | G62: =IFERROR(_xlfn.SWITCH(DATOS!E10,"Realizada","Real.","Programada","Prog.","Sin tutoría","S/T",DATOS!E10),DATOS!E10) -> Real. | H62: =LEFT(DATOS!G10,1) -> N | J62: =RIGHT(DATOS!A20,3) -> 109 | K62: =DATOS!B20 -> Samantha Nicole Ake Chan | N62: =TEXT(DATOS!D20,"0.0") -> 6.7 | O62: =IFERROR(_xlfn.SWITCH(DATOS!E20,"Realizada","Real.","Programada","Prog.","Sin tutoría","S/T",DATOS!E20),DATOS!E20) -> S/T | P62: =LEFT(DATOS!G20,1) -> M
B63: =RIGHT(DATOS!A11,3) -> 100 | C63: =DATOS!B11 -> Jorge Emiliano Vargas Cetina | F63: =TEXT(DATOS!D11,"0.0") -> 7.9 | G63: =IFERROR(_xlfn.SWITCH(DATOS!E11,"Realizada","Real.","Programada","Prog.","Sin tutoría","S/T",DATOS!E11),DATOS!E11) -> Prog. | H63: =LEFT(DATOS!G11,1) -> B | J63: =RIGHT(DATOS!A21,3) -> 110 | K63: =DATOS!B21 -> Tomás Eduardo Yam Canul | N63: =TEXT(DATOS!D21,"0.0") -> 8.0 | O63: =IFERROR(_xlfn.SWITCH(DATOS!E21,"Realizada","Real.","Programada","Prog.","Sin tutoría","S/T",DATOS!E21),DATOS!E21) -> Real. | P63: =LEFT(DATOS!G21,1) -> N
B65: Reporte generado automáticamente por el Sistema de Tutorías de la Universidad Tecnológica de Nayarit a partir de los registros de tutoría individual del grupo. Uso interno para seguimiento académico.

Sheet DATOS
A1: Matrícula | B1: Nombre del Alumno | C1: Grupo | D1: Promedio | E1: Estatus Tutoría | F1: Num. Tutorías | G1: Riesgo | H1: Motivo de Riesgo | J1: Estado Tutoría | K1: Cantidad
A2: TIC-240091 | B2: Abigail Montserrat Flores Rubio | C2: 91 | D2: 9.2 | E2: Realizada | F2: 2 | G2: Ninguno | J2: Realizada | K2: =COUNTIF(E2:E21,J2) -> 14
A3: TIC-240092 | B3: Brandon Josué Castañeda Ríos | C3: 91 | D3: 6.1 | E3: Realizada | F3: 3 | G3: Alto | H3: Reprobación | J3: Programada | K3: =COUNTIF(E2:E21,J3) -> 3
A4: TIC-240093 | B4: Camila Fernanda López Torres | C4: 91 | D4: 8.6 | E4: Realizada | F4: 1 | G4: Ninguno | J4: Sin tutoría | K4: =COUNTIF(E2:E21,J4) -> 3
A5: TIC-240094 | B5: Diego Alejandro Núñez Bravo | C5: 91 | D5: 7.4 | E5: Programada | F5: 1 | G5: Bajo | H5: Impuntualidad
A6: TIC-240095 | B6: Elena Sofía Ramírez Gaona | C6: 91 | D6: 9 | E6: Realizada | F6: 1 | G6: Ninguno
A7: TIC-240096 | B7: Fernando Iván Solórzano Peña | C7: 91 | D7: 5.8 | E7: Realizada | F7: 4 | G7: Alto | H7: Reprobación
A8: TIC-240097 | B8: Gabriela Itzel Contreras May | C8: 91 | D8: 8.1 | E8: Sin tutoría | F8: 0 | G8: Ninguno
A9: TIC-240098 | B9: Héctor Manuel Beltrán Osuna | C9: 91 | D9: 6.9 | E9: Realizada | F9: 2 | G9: Medio | H9: Problemas económicos
A10: TIC-240099 | B10: Ivonne Paola Cárdenas Zúñiga | C10: 91 | D10: 8.8 | E10: Realizada | F10: 1 | G10: Ninguno
A11: TIC-240100 | B11: Jorge Emiliano Vargas Cetina | C11: 91 | D11: 7.9 | E11: Programada | F11: 1 | G11: Bajo | H11: Ausentismo
A12: TIC-240101 | B12: Karla Ximena Delgado Puc | C12: 91 | D12: 9.4 | E12: Realizada | F12: 1 | G12: Ninguno
A13: TIC-240102 | B13: Luis Ángel Mendoza Chi | C13: 91 | D13: 6.4 | E13: Realizada | F13: 3 | G13: Medio | H13: Problemas personales
A14: TIC-240103 | B14: María José Aguilar Tun | C14: 91 | D14: 8.3 | E14: Sin tutoría | F14: 0 | G14: Ninguno
A15: TIC-240104 | B15: Néstor Iván Cruz Balam | C15: 91 | D15: 7.6 | E15: Realizada | F15: 1 | G15: Ninguno
A16: TIC-240105 | B16: Olivia Renata Pech Dzul | C16: 91 | D16: 8.9 | E16: Realizada | F16: 1 | G16: Ninguno
A17: TIC-240106 | B17: Pedro Alexis Gómez Uc | C17: 91 | D17: 5.6 | E17: Programada | F17: 2 | G17: Alto | H17: Reprobación
A18: TIC-240107 | B18: Quetzal Yamileth Poot Kú | C18: 91 | D18: 7.2 | E18: Realizada | F18: 1 | G18: Ninguno
A19: TIC-240108 | B19: Ricardo Alonso Herrera Cob | C19: 91 | D19: 8.5 | E19: Realizada | F19: 1 | G19: Ninguno
A20: TIC-240109 | B20: Samantha Nicole Ake Chan | C20: 91 | D20: 6.7 | E20: Sin tutoría | F20: 0 | G20: Medio | H20: Problemas económicos
A21: TIC-240110 | B21: Tomás Eduardo Yam Canul | C21: 91 | D21: 8 | E21: Realizada | F21: 1 | G21: Ninguno
